Geographical Name,Generic Term,Latitude,Longitude,Province - Territory
Abbotsford,City,49.052222,-122.329167,British Columbia
Airdrie,City,51.2922222,-114.0141667,Alberta
Armstrong,City,50.448333,-119.196667,British Columbia
Barrie,City,44.37124,-79.67697,Ontario
Bathurst,City,47.626111,-65.628333,New Brunswick
Beaumont,City,53.3525,-113.4152778,Alberta
Belleville,City,44.2566666,-77.3697222,Ontario
Brampton,City,43.6883334,-79.7608333,Ontario
Brandon,City,49.846944,-99.952222,Manitoba
Brantford,City,43.1569444,-80.2575,Ontario
Brockville,City,44.59733,-75.6855,Ontario
Brooks,City,50.567222,-111.895,Alberta
Burlington,City,43.37006,-79.81403,Ontario
Burnaby,City,49.242778,-122.972778,British Columbia
Calgary,City,51.0458333,-114.0574999,Alberta
Cambridge,City,43.397222,-80.311389,Ontario
Campbell River,City,50.023056,-125.243611,British Columbia
Campbellton,City,47.999336,-66.683511,New Brunswick
Camrose,City,53.0247222,-112.8241667,Alberta
Castlegar,City,49.324444,-117.666944,British Columbia
Charlottetown,City,46.240278,-63.134722,Prince Edward Island
Chatham-Kent,City,42.43396,-82.12876,Ontario
Chilliwack,City,49.157778,-121.950833,British Columbia
City of West Kelowna,City,49.83,-119.628611,British Columbia
Clarence-Rockland,City,45.48809,-75.21489,Ontario
Cold Lake,City,54.45,-110.1666667,Alberta
Colwood,City,48.423611,-123.493333,British Columbia
Coquitlam,City,49.284167,-122.793611,British Columbia
Corner Brook,City,48.941111,-57.970278,Newfoundland and Labrador
Cornwall,City,45.0263889,-74.7263889,Ontario
County of Brant,City,43.1391667,-80.2813889,Ontario
Courtenay,City,49.689444,-124.995833,British Columbia
Cranbrook,City,49.508056,-115.746944,British Columbia
Dauphin,City,51.149444,-100.04944,Manitoba
Dawson Creek,City,55.760556,-120.235556,British Columbia
Delta,City,49.084722,-123.058611,British Columbia
Dieppe,City,46.078333,-64.688611,New Brunswick
Dryden,City,49.7833333,-92.7652777,Ontario
Duncan,City,48.778611,-123.708056,British Columbia
Edmonton,City,53.5344445,-113.4902778,Alberta
Edmundston,City,47.377222,-68.294444,New Brunswick
Elliot Lake,City,46.3811111,-82.6572222,Ontario
Enderby,City,50.550556,-119.139444,British Columbia
Estevan,City,49.1392833,-102.9859847,Saskatchewan
Fernie,City,49.504167,-115.062778,British Columbia
Flin Flon,City,54.768056,-101.8641699,Manitoba
Fort Saskatchewan,City,53.7111111,-113.2177778,Alberta
Fort St. John,City,56.2525,-120.846667,British Columbia
Fredericton,City,45.945278,-66.666667,New Brunswick
Grand Forks,City,49.031111,-118.439167,British Columbia
Grand Sudbury,City,46.57789,-81.06958,Ontario
Grande Prairie,City,55.1708334,-118.7961111,Alberta
Greater Sudbury,City,46.57789,-81.06958,Ontario
Greenwood,City,49.088333,-118.676389,British Columbia
Guelph,City,43.53571,-80.229,Ontario
Hamilton,City,43.242778,-79.989444,Ontario
Humboldt,City,52.2019155,-105.1229806,Saskatchewan
Iqaluit,City,63.75,-68.516667,Nunavut
Kamloops,City,50.675833,-120.339444,British Columbia
Kawartha Lakes,City,44.58758,-78.8321,Ontario
Kelowna,City,49.888056,-119.495556,British Columbia
Kenora,City,49.8161111,-94.435,Ontario
Kimberley,City,49.685,-115.981667,British Columbia
Kingston,City,44.3066667,-76.4163888,Ontario
Kitchener,City,43.4186111,-80.4727778,Ontario
Lacombe,City,52.464444,-113.734167,Alberta
Lambton Shores,City,43.17534,-81.89542,Ontario
Langford,City,48.449722,-123.504444,British Columbia
Langley,City,49.1025,-122.658056,British Columbia
Leduc,City,53.2666666,-113.5458333,Alberta
Lethbridge,City,49.6936111,-112.8419444,Alberta
Lloydminster,City,53.2779556,-109.9802528,Saskatchewan
Lloydminster,City,53.2838889,-110,Alberta
London,City,42.9675,-81.2325,Ontario
Maple Ridge,City,49.22,-122.598889,British Columbia
Martensville,City,52.2919249,-106.6524122,Saskatchewan
Meadow Lake,City,54.1241055,-108.4359051,Saskatchewan
Medicine Hat,City,50.0408334,-110.6766667,Alberta
Melfort,City,52.8563361,-104.6099722,Saskatchewan
Melville,City,50.9304306,-102.8078417,Saskatchewan
Merritt,City,50.1125,-120.788333,British Columbia
Miramichi,City,47.004167,-65.466667,New Brunswick
Mississauga,City,43.58566,-79.65711,Ontario
Moncton,City,46.099479,-64.799802,New Brunswick
Moose Jaw,City,50.3934194,-105.5519522,Saskatchewan
Mount Pearl,City,47.5195306,-52.8118056,Newfoundland and Labrador
Nanaimo,City,49.163889,-123.938056,British Columbia
Nelson,City,49.493333,-117.295833,British Columbia
New Westminster,City,49.206667,-122.910556,British Columbia
Niagara Falls,City,43.06012,-79.10671,Ontario
North Battleford,City,52.7574361,-108.2861667,Saskatchewan
North Bay,City,46.314444,-79.459167,Ontario
North Vancouver,City,49.320556,-123.073889,British Columbia
Orillia,City,44.6043,-79.42392,Ontario
Oshawa,City,43.9005555,-78.8572222,Ontario
Ottawa,City,45.33339,-75.58429,Ontario
Owen Sound,City,44.56981,-80.93067,Ontario
Parksville,City,49.318056,-124.311389,British Columbia
Pembroke,City,45.8205556,-77.1111111,Ontario
Penticton,City,49.500833,-119.593889,British Columbia
Peterborough,City,44.3011111,-78.3333334,Ontario
Pitt Meadows,City,49.220556,-122.690278,British Columbia
Port Alberni,City,49.234444,-124.805833,British Columbia
Port Colborne,City,42.9155556,-79.1930555,Ontario
Port Coquitlam,City,49.261944,-122.780278,British Columbia
Port Moody,City,49.282222,-122.829444,British Columbia
Portage la Prairie,City,49.972778,-98.291944,Manitoba
Powell River,City,49.835556,-124.524444,British Columbia
Prince Albert,City,53.199517,-105.760094,Saskatchewan
Prince Edward,City,44.0230555,-77.2558334,Ontario
Prince George,City,53.913056,-122.745278,British Columbia
Prince Rupert,City,54.312778,-130.325278,British Columbia
Quesnel,City,52.979722,-122.493611,British Columbia
Quinte West,City,44.1963888,-77.5819445,Ontario
Red Deer,City,52.2686111,-113.8102778,Alberta
Regina,City,50.4548389,-104.6066083,Saskatchewan
Revelstoke,City,50.998889,-118.195833,British Columbia
Richmond,City,49.163333,-123.163333,British Columbia
Rossland,City,49.076944,-117.802222,British Columbia
Saint John,City,45.259167,-66.038889,New Brunswick
Salmon Arm,City,50.701389,-119.278056,British Columbia
Sarnia,City,42.9813889,-82.3177777,Ontario
Saskatoon,City,52.13965,-106.6861833,Saskatchewan
Sault Ste. Marie,City,46.558889,-84.346944,Ontario
Selkirk,City,50.143611,-96.883889,Manitoba
Spruce Grove,City,53.5538889,-113.9022222,Alberta
St. Albert,City,53.6369444,-113.6202778,Alberta
St. Catharines,City,43.16544,-79.2533,Ontario
St. John's,City,47.482197,-52.797069,Newfoundland and Labrador
St. Thomas,City,42.7808333,-81.1855555,Ontario
Steinbach,City,49.525833,-96.683889,Manitoba
Stratford,City,43.3725,-80.9763889,Ontario
Summerside,City,46.395833,-63.788889,Prince Edward Island
Surrey,City,49.111667,-122.8275,British Columbia
Swift Current,City,50.2881611,-107.7938944,Saskatchewan
Temiskaming Shores,City,47.4936111,-79.7152778,Ontario
Terrace,City,54.516389,-128.599722,British Columbia
Thompson,City,55.743333,-97.855278,Manitoba
Thorold,City,43.0722222,-79.2233333,Ontario
Thunder Bay,City,48.4013889,-89.2677778,Ontario
Timmins,City,48.47153,-81.33132,Ontario
Toronto,City,43.7417,-79.3733,Ontario
Trail,City,49.094444,-117.709167,British Columbia
Vancouver,City,49.261111,-123.113889,British Columbia
Vaughan,City,43.85281,-79.5354,Ontario
Vernon,City,50.266667,-119.271667,British Columbia
Victoria,City,48.428333,-123.364722,British Columbia
Warman,City,52.3220721,-106.5841825,Saskatchewan
Waterloo,City,43.4797222,-80.5411111,Ontario
Welland,City,42.99712,-79.22497,Ontario
Wetaskiwin,City,52.9691667,-113.3769444,Alberta
Weyburn,City,49.6609833,-103.8526306,Saskatchewan
White Rock,City,49.023611,-122.798333,British Columbia
Whitehorse,City,60.7242144,-135.0560981,Yukon
Williams Lake,City,52.129167,-122.14,British Columbia
Windsor,City,42.30227,-82.99348,Ontario
Winkler,City,49.181667,-97.940278,Manitoba
Winnipeg,City,49.884444,-97.146389,Manitoba
Woodstock,City,43.1372222,-80.7377778,Ontario
Yellowknife,City,62.4536,-114.37,Northwest Territories
Yorkton,City,51.213775,-102.4628806,Saskatchewan
Aberdeen,Town,52.325536,-106.291511,Saskatchewan
Acton Vale,Town,45.64786,-72.564786,Quebec
Admirals Beach,Town,47.0171497,-53.5989861,Newfoundland and Labrador
Ajax,Town,43.85821,-79.03635,Ontario
Alameda,Town,49.2681464,-102.2870583,Saskatchewan
Alberton,Town,46.812804,-64.065297,Prince Edward Island
Allan,Town,51.8958806,-106.0603667,Saskatchewan
Alma,Town,48.549702,-71.653425,Quebec
Altona,Town,49.104722,-97.558889,Manitoba
Amherst,Town,45.833392,-64.212968,Nova Scotia
Amherstburg,Town,42.1172222,-83.0441666,Ontario
Amos,Town,48.564766,-78.11275,Quebec
Amqui,Town,48.462375,-67.433232,Quebec
Anchor Point,Town,51.2389361,-56.7885527,Newfoundland and Labrador
Annapolis Royal,Town,44.743729,-65.518907,Nova Scotia
Antigonish,Town,45.622765,-61.991581,Nova Scotia
Appleton,Town,48.9817361,-54.8572361,Newfoundland and Labrador
Aquaforte,Town,47.0080555,-52.9563889,Newfoundland and Labrador
Arborfield,Town,53.1056694,-103.6607417,Saskatchewan
Arborg,Town,50.907222,-97.216944,Manitoba
Arcola,Town,49.6354522,-102.4919222,Saskatchewan
Arnold's Cove,Town,47.7689194,-53.9917694,Newfoundland and Labrador
Arnprior,Town,45.4347223,-76.3580556,Ontario
Asquith,Town,52.1347731,-107.2266111,Saskatchewan
Assiniboia,Town,49.6291139,-105.9886333,Saskatchewan
Athabasca,Town,54.7166666,-113.2841667,Alberta
Aurora,Town,43.99763,-79.46988,Ontario
Avondale,Town,47.3991028,-53.2264333,Newfoundland and Labrador
Aylmer,Town,42.78257,-80.98261,Ontario
Badger,Town,48.9788806,-56.0416916,Newfoundland and Labrador
Baie Verte,Town,49.9087083,-56.1946584,Newfoundland and Labrador
Baie-Comeau,Town,49.220927,-68.149305,Quebec
Baie-D'Urfé,Town,45.408405,-73.915377,Quebec
Baie-Saint-Paul,Town,47.440649,-70.509461,Quebec
Baine Harbour,Town,47.3659444,-54.8972055,Newfoundland and Labrador
Balcarres,Town,50.8049556,-103.54425,Saskatchewan
Balgonie,Town,50.4914583,-104.2629111,Saskatchewan
Bancroft,Town,45.055,-77.7577778,Ontario
Banff,Town,51.1777778,-115.5736111,Alberta
Barkmere,Town,46.002569,-74.573246,Quebec
Barrhead,Town,54.1216667,-114.4036111,Alberta
Bashaw,Town,52.5830555,-112.9702778,Alberta
Bassano,Town,50.7875,-112.4683333,Alberta
Battleford,Town,52.7384556,-108.3152528,Saskatchewan
Bauline,Town,47.7008305,-52.8195695,Newfoundland and Labrador
Bay Bulls,Town,47.3261583,-52.793875,Newfoundland and Labrador
Bay L'Argent,Town,47.542664,-54.886061,Newfoundland and Labrador
Bay Roberts,Town,47.5827278,-53.2932639,Newfoundland and Labrador
Bay de Verde,Town,48.1011611,-52.8895167,Newfoundland and Labrador
Baytona,Town,49.3305861,-54.7841194,Newfoundland and Labrador
Beachside,Town,49.6428889,-55.8991139,Newfoundland and Labrador
Beaconsfield,Town,45.42416,-73.866391,Quebec
Beauceville,Town,46.214655,-70.775943,Quebec
Beauharnois,Town,45.313216,-73.877952,Quebec
Beaupré,Town,47.041696,-70.899341,Quebec
Beausejour,Town,50.062222,-96.516111,Manitoba
Beaverlodge,Town,55.2091667,-119.4288889,Alberta
Bedford,Town,45.120924,-72.987621,Quebec
Bellburns,Town,50.3279667,-57.5284278,Newfoundland and Labrador
Belleoram,Town,47.524733,-55.416094,Newfoundland and Labrador
Belleterre,Town,47.389252,-78.703625,Quebec
Belœil,Town,45.567054,-73.202508,Quebec
Bengough,Town,49.3963611,-105.1283028,Saskatchewan
Beresford,Town,47.711011,-65.705958,New Brunswick
Berthierville,Town,46.083899,-73.175688,Quebec
Berwick,Town,45.045743,-64.736095,Nova Scotia
Bienfait,Town,49.1391556,-102.8014869,Saskatchewan
Big River,Town,53.8350981,-107.0330556,Saskatchewan
Biggar,Town,52.0634611,-107.979075,Saskatchewan
Birch Hills,Town,52.9840353,-105.4325194,Saskatchewan
Birchy Bay,Town,49.3215389,-54.7361083,Newfoundland and Labrador
Bird Cove,Town,51.0460695,-56.9334055,Newfoundland and Labrador
Birtle,Town,50.4225,-101.0475,Manitoba
Bishop's Cove,Town,47.6367556,-53.2327389,Newfoundland and Labrador
Bishop's Falls,Town,49.0209528,-55.4898944,Newfoundland and Labrador
Blackfalds,Town,52.3783333,-113.7961111,Alberta
Blaine Lake,Town,52.8283,-106.8814306,Saskatchewan
Blainville,Town,45.679627,-73.873874,Quebec
Blind River,Town,46.30227,-82.87795,Ontario
Blue Mountains,Town,44.4780556,-80.4013889,Ontario
Bluewater,Town,43.47673,-81.60291,Ontario
Bois-des-Filion,Town,45.669677,-73.755258,Quebec
Boisbriand,Town,45.612716,-73.838424,Quebec
Boissevain,Town,49.230556,-100.055,Manitoba
Bon Accord,Town,53.8369444,-113.4122222,Alberta
Bonaventure,Town,48.048946,-65.491191,Quebec
Bonavista,Town,48.6317917,-53.1041333,Newfoundland and Labrador
Bonnyville,Town,54.2672222,-110.7386111,Alberta
Borden-Carleton,Town,46.261667,-63.673889,Prince Edward Island
Botwood,Town,49.1356472,-55.3731528,Newfoundland and Labrador
Boucherville,Town,45.6044,-73.452336,Quebec
Bouctouche,Town,46.468333,-64.740278,New Brunswick
Bow Island,Town,49.8672222,-111.3788889,Alberta
Bowden,Town,51.9322222,-114.0347222,Alberta
Bracebridge,Town,45.0263889,-79.19,Ontario
Bradford West Gwillimbury,Town,44.13737,-79.61731,Ontario
Branch,Town,46.8822222,-53.9644445,Newfoundland and Labrador
Bredenbury,Town,50.9412528,-102.0440444,Saskatchewan
Brent's Cove,Town,49.9369444,-55.7069444,Newfoundland and Labrador
Bridgewater,Town,44.377498,-64.518605,Nova Scotia
Brighton,Town,44.1222222,-77.7641667,Ontario
Brighton,Town,49.5400695,-55.6432555,Newfoundland and Labrador
Brigus,Town,47.5329806,-53.2150917,Newfoundland and Labrador
Broadview,Town,50.3749722,-102.5772583,Saskatchewan
Bromont,Town,45.319074,-72.64591,Quebec
Brossard,Town,45.455263,-73.467793,Quebec
Brownsburg-Chatham,Town,45.67631,-74.408125,Quebec
Bruce Mines,Town,46.301,-83.79467,Ontario
Bruderheim,Town,53.7997222,-112.9283333,Alberta
Bruno,Town,52.2654556,-105.5248083,Saskatchewan
Bryant's Cove,Town,47.6760917,-53.1930222,Newfoundland and Labrador
Buchans,Town,48.8238,-56.8490694,Newfoundland and Labrador
Burgeo,Town,47.6199167,-57.6216334,Newfoundland and Labrador
Burin,Town,47.082841,-55.175272,Newfoundland and Labrador
Burlington,Town,49.7501528,-56.0174223,Newfoundland and Labrador
Burnt Islands,Town,47.6141944,-58.8701306,Newfoundland and Labrador
Burstall,Town,50.6556306,-109.9093722,Saskatchewan
Bécancour,Town,46.34808,-72.434546,Quebec
Cabri,Town,50.6218778,-108.4633056,Saskatchewan
Caledon,Town,43.86605,-79.85901,Ontario
Calmar,Town,53.2577778,-113.8108333,Alberta
Campbellton,Town,49.2705194,-54.9319306,Newfoundland and Labrador
Candiac,Town,45.394849,-73.519149,Quebec
Canmore,Town,51.0830555,-115.3683333,Alberta
Canora,Town,51.636375,-102.4310056,Saskatchewan
Cap-Chat,Town,49.096349,-66.687721,Quebec
Cap-Santé,Town,46.670074,-71.770463,Quebec
Cape Broyle,Town,47.0965195,-52.9414917,Newfoundland and Labrador
Cape St. George,Town,48.4957027,-59.1849305,Newfoundland and Labrador
Caraquet,Town,47.765556,-64.95,New Brunswick
Carberry,Town,49.868889,-99.359444,Manitoba
Carbonear,Town,47.7315028,-53.2326611,Newfoundland and Labrador
Cardston,Town,49.2,-113.3038889,Alberta
Carignan,Town,45.465741,-73.330307,Quebec
Carleton Place,Town,45.1380555,-76.1422222,Ontario
Carleton-sur-Mer,Town,48.101736,-66.121993,Quebec
Carlyle,Town,49.6353911,-102.2663556,Saskatchewan
Carman,Town,49.499167,-98.000833,Manitoba
Carmanville,Town,49.3673055,-54.2905694,Newfoundland and Labrador
Carnduff,Town,49.174925,-101.7973306,Saskatchewan
Carrot River,Town,53.2817028,-103.5856397,Saskatchewan
Carstairs,Town,51.5655555,-114.0994444,Alberta
Cartwright,Town,53.693779,-56.970056,Newfoundland and Labrador
Castor,Town,52.2191667,-111.9036111,Alberta
Causapscal,Town,48.354941,-67.221299,Quebec
Central Butte,Town,50.7975944,-106.506525,Saskatchewan
Centreville-Wareham-Trinity,Town,49.0000278,-53.9206694,Newfoundland and Labrador
Chambly,Town,45.449074,-73.291694,Quebec
Chance Cove,Town,47.6666472,-53.830925,Newfoundland and Labrador
Chandler,Town,48.348741,-64.678399,Quebec
Change Islands,Town,49.6689444,-54.4037223,Newfoundland and Labrador
Channel-Port aux Basques,Town,47.5955806,-59.1352917,Newfoundland and Labrador
Chapais,Town,49.781713,-74.853458,Quebec
Chapel Arm,Town,47.5049111,-53.6661916,Newfoundland and Labrador
Charlemagne,Town,45.721299,-73.486821,Quebec
Charlottetown,Town,52.7657222,-56.1453,Newfoundland and Labrador
Chestermere,Town,51.0333333,-113.8166667,Alberta
Chibougamau,Town,49.913227,-74.368532,Quebec
Choiceland,Town,53.4920361,-104.4869306,Saskatchewan
Churchbridge,Town,50.8948278,-101.8932528,Saskatchewan
Churchill,Town,58.780833,-94.186944,Manitoba
Château-Richer,Town,46.969552,-71.017749,Quebec
Châteauguay,Town,45.360927,-73.75018,Quebec
Clarenville,Town,48.1881389,-54.0557138,Newfoundland and Labrador
Claresholm,Town,50.0197222,-113.5827778,Alberta
Clark's Harbour,Town,43.442634,-65.629012,Nova Scotia
Clarke's Beach,Town,47.5320167,-53.303675,Newfoundland and Labrador
Clermont,Town,47.694358,-70.225549,Quebec
Coachman's Cove,Town,50.0681694,-56.1237305,Newfoundland and Labrador
Coaldale,Town,49.7277777,-112.6186111,Alberta
Coalhurst,Town,49.7486111,-112.9294444,Alberta
Coaticook,Town,45.134466,-71.8048,Quebec
Cobalt,Town,47.3991667,-79.6805556,Ontario
Cobourg,Town,43.9630555,-78.1647223,Ontario
Cochrane,Town,51.2066667,-114.4669444,Alberta
Cochrane,Town,49.1747223,-81.0630555,Ontario
Colinet,Town,47.2195306,-53.5480611,Newfoundland and Labrador
Colliers,Town,47.4503222,-53.2482889,Newfoundland and Labrador
Collingwood,Town,44.5014,-80.24071,Ontario
Colonsay,Town,51.9764889,-105.8722444,Saskatchewan
Come By Chance,Town,47.8415167,-53.9847806,Newfoundland and Labrador
Comfort Cove-Newstead,Town,49.3581556,-54.8758195,Newfoundland and Labrador
Comox,Town,49.672778,-124.927778,British Columbia
Conception Bay South,Town,47.4907778,-52.9951111,Newfoundland and Labrador
Conception Harbour,Town,47.438575,-53.2239,Newfoundland and Labrador
Conche,Town,50.8955084,-55.8866667,Newfoundland and Labrador
Contrecœur,Town,45.857261,-73.239074,Quebec
Cook's Harbour,Town,51.6078722,-55.863925,Newfoundland and Labrador
Cookshire-Eaton,Town,45.412986,-71.626124,Quebec
Cormack,Town,49.31595,-57.3833639,Newfoundland and Labrador
Cornwall,Town,46.226389,-63.219444,Prince Edward Island
Coronach,Town,49.1088389,-105.512175,Saskatchewan
Coronation,Town,52.0947223,-111.4477778,Alberta
Coteau-du-Lac,Town,45.291127,-74.173957,Quebec
Cottlesville,Town,49.495225,-54.8545583,Newfoundland and Labrador
Cow Head,Town,49.919725,-57.7694834,Newfoundland and Labrador
Cowansville,Town,45.2047,-72.74086,Quebec
Cox's Cove,Town,49.1119861,-58.0805139,Newfoundland and Labrador
Craik,Town,51.048799,-105.820067,Saskatchewan
Creighton,Town,54.75375,-101.898711,Saskatchewan
Creston,Town,49.0975,-116.513056,British Columbia
Crossfield,Town,51.4305556,-114.0308333,Alberta
Crow Head,Town,49.67985,-54.7998834,Newfoundland and Labrador
Crowsnest Pass,Town,49.5888889,-114.5083333,Alberta
Cudworth,Town,52.4901917,-105.7391278,Saskatchewan
Cupar,Town,50.9466583,-104.2109556,Saskatchewan
Cupids,Town,47.5478056,-53.2244889,Newfoundland and Labrador
Cut Knife,Town,52.7474694,-109.0158917,Saskatchewan
Côte-Saint-Luc,Town,45.477607,-73.663488,Quebec
Dalhousie,Town,48.048611,-66.390278,New Brunswick
Dalmeny,Town,52.3395639,-106.7714139,Saskatchewan
Daniel's Harbour,Town,50.2326473,-57.5818083,Newfoundland and Labrador
Danville,Town,45.782213,-72.0085,Quebec
Daveluyville,Town,46.205725,-72.138116,Quebec
Davidson,Town,51.2591611,-105.9859314,Saskatchewan
Dawson,Town,64.06,-139.431944,Yukon
Daysland,Town,52.8641666,-112.255,Alberta
Deep River,Town,46.0502777,-77.4177778,Ontario
Deer Lake,Town,49.194994,-57.3897,Newfoundland and Labrador
Delisle,Town,51.9216889,-107.1350019,Saskatchewan
Deloraine,Town,49.190833,-100.49389,Manitoba
Delson,Town,45.375591,-73.541791,Quebec
Desbiens,Town,48.418149,-71.950269,Quebec
Deseronto,Town,44.19657,-77.05095,Ontario
Deux-Montagnes,Town,45.54183,-73.89293,Quebec
Devon,Town,53.3622223,-113.7225,Alberta
Diamond Valley,Town,50.679862,-114.253577,Alberta
Didsbury,Town,51.6594444,-114.1375,Alberta
Digby,Town,44.620795,-65.758442,Nova Scotia
Disraeli,Town,45.902825,-71.357972,Quebec
Dolbeau-Mistassini,Town,48.87651,-72.225957,Quebec
Dollard-des-Ormeaux,Town,45.484252,-73.807738,Quebec
Donnacona,Town,46.672685,-71.737221,Quebec
Dorval,Town,45.439263,-73.730435,Quebec
Dover,Town,48.8869639,-53.9537778,Newfoundland and Labrador
Drayton Valley,Town,53.2241667,-114.9808333,Alberta
Drumheller,Town,51.4644444,-112.7188889,Alberta
Drummondville,Town,45.880577,-72.484058,Quebec
Duck Lake,Town,52.8121694,-106.2260528,Saskatchewan
Dundurn,Town,51.8092028,-106.5053722,Saskatchewan
Dunham,Town,45.131029,-72.800472,Quebec
Duntara,Town,48.585975,-53.3810333,Newfoundland and Labrador
Duparquet,Town,48.5055,-79.229129,Quebec
Dégelis,Town,47.547991,-68.647174,Quebec
East Angus,Town,45.484283,-71.659366,Quebec
East Gwillimbury,Town,44.1391667,-79.4238889,Ontario
Eastend,Town,49.5163028,-108.8198083,Saskatchewan
Eastport,Town,48.6646722,-53.7676278,Newfoundland and Labrador
Eatonia,Town,51.2229028,-109.3880722,Saskatchewan
Eckville,Town,52.36,-114.3669444,Alberta
Edson,Town,53.5836111,-116.4327778,Alberta
Elk Point,Town,53.9011111,-110.9005556,Alberta
Elliston,Town,48.6291611,-53.0480361,Newfoundland and Labrador
Elrose,Town,51.2014769,-108.0332056,Saskatchewan
Embree,Town,49.3012472,-55.0437028,Newfoundland and Labrador
Emerson,Town,49.006944,-97.214722,Manitoba
Englee,Town,50.7657028,-56.0709528,Newfoundland and Labrador
Englehart,Town,47.8232,-79.87352,Ontario
English Harbour East,Town,47.64608,-54.892783,Newfoundland and Labrador
Erickson,Town,50.498056,-99.911389,Manitoba
Erin,Town,43.7425,-80.1241666,Ontario
Espanola,Town,46.242,-81.75733,Ontario
Essex,Town,42.0941666,-82.9008333,Ontario
Esterhazy,Town,50.6531472,-102.07105,Saskatchewan
Eston,Town,51.1491694,-108.7574611,Saskatchewan
Estérel,Town,46.040941,-74.015033,Quebec
Fairview,Town,56.0672222,-118.3841667,Alberta
Falher,Town,55.7372222,-117.2013889,Alberta
Farnham,Town,45.283663,-72.97691,Quebec
Faro,Town,62.2263889,-133.3558333,Yukon
Fermeuse,Town,46.9727667,-52.977475,Newfoundland and Labrador
Fermont,Town,52.796933,-67.091008,Quebec
Ferryland,Town,47.0302389,-52.9056278,Newfoundland and Labrador
Flatrock,Town,47.7049611,-52.7316555,Newfoundland and Labrador
Fleming,Town,50.074729,-101.513095,Saskatchewan
Fleur de Lys,Town,50.132925,-56.1570194,Newfoundland and Labrador
Florenceville-Bristol,Town,46.452132,-67.606442,New Brunswick
Flower's Cove,Town,51.29535,-56.7202694,Newfoundland and Labrador
Foam Lake,Town,51.6410806,-103.53955,Saskatchewan
Fogo Island,Town,49.658333,-54.1825,Newfoundland and Labrador
Forestville,Town,48.738485,-69.076774,Quebec
Fort Erie,Town,42.92261,-79.022,Ontario
Fort Frances,Town,48.6125,-93.393889,Ontario
Fort Macleod,Town,49.7230555,-113.4041667,Alberta
Fort Qu'Appelle,Town,50.7656694,-103.7903389,Saskatchewan
Fort Smith,Town,60.0053,-111.8829,Northwest Territories
Forteau,Town,51.4915611,-56.9478916,Newfoundland and Labrador
Fortune,Town,47.0406833,-55.8614917,Newfoundland and Labrador
Fossambault-sur-le-Lac,Town,46.868257,-71.620191,Quebec
Fox Cove-Mortier,Town,47.1023611,-55.1103778,Newfoundland and Labrador
Fox Creek,Town,54.3941666,-116.8066667,Alberta
Fox Harbour,Town,47.3215,-53.8827166,Newfoundland and Labrador
Francis,Town,50.1017036,-103.8662639,Saskatchewan
French River,Town,46.1422221,-80.4813889,Ontario
Frenchman's Cove,Town,47.161108,-55.41835,Newfoundland and Labrador
Gallants,Town,48.7054861,-58.2388527,Newfoundland and Labrador
Gambo,Town,48.7970805,-54.2125111,Newfoundland and Labrador
Gander,Town,48.957189,-54.588561,Newfoundland and Labrador
Garnish,Town,47.215406,-55.332653,Newfoundland and Labrador
Gaskiers-Point La Haye,Town,46.8841666,-53.605,Newfoundland and Labrador
Gaspé,Town,48.824618,-64.476254,Quebec
Gatineau,Town,45.427929,-75.710938,Quebec
Gaultois,Town,47.611875,-55.9137583,Newfoundland and Labrador
Georgetown,Town,46.182095,-62.532573,Prince Edward Island
Georgina,Town,44.280555,-79.324444,Ontario
Gibbons,Town,53.8297222,-113.3283333,Alberta
Gibsons,Town,49.400278,-123.508889,British Columbia
Gilbert Plains,Town,51.149722,-100.487778,Manitoba
Gillam,Town,56.347222,-94.707778,Manitoba
Gillams,Town,49.0194944,-58.0683389,Newfoundland and Labrador
Gimli,Town,50.633611,-96.99,Manitoba
Gladstone,Town,50.225833,-98.95,Manitoba
Glenburnie-Birchy Head-Shoal Brook,Town,49.4507556,-57.9098889,Newfoundland and Labrador
Glenwood,Town,48.9809139,-54.8820444,Newfoundland and Labrador
Glovertown,Town,48.6911305,-54.0352778,Newfoundland and Labrador
Goderich,Town,43.73813,-81.70455,Ontario
Golden,Town,51.297778,-116.964722,British Columbia
Goose Cove East,Town,51.3075,-55.6272222,Newfoundland and Labrador
Gore Bay,Town,45.9161111,-82.4647222,Ontario
Govan,Town,51.3107972,-104.9952194,Saskatchewan
Gracefield,Town,46.081771,-76.059772,Quebec
Granby,Town,45.398555,-72.722249,Quebec
Grand Bank,Town,47.088906,-55.755111,Newfoundland and Labrador
Grand Bay-Westfield,Town,45.340556,-66.253889,New Brunswick
Grand Falls,Town,47.0525,-67.735,New Brunswick
Grand Falls-Windsor,Town,48.9640028,-55.6644417,Newfoundland and Labrador
Grand Le Pierre,Town,47.7732861,-54.8056084,Newfoundland and Labrador
Grand Rapids,Town,53.178333,-99.264722,Manitoba
Grand-Sault,Town,47.0525,-67.735,New Brunswick
Grande-Rivière,Town,48.40015,-64.496655,Quebec
Grandview,Town,51.174167,-100.69778,Manitoba
Gravelbourg,Town,49.8729,-106.5535944,Saskatchewan
Gravenhurst,Town,44.8686111,-79.3394445,Ontario
Greater Napanee,Town,44.2375,-76.9686111,Ontario
Greenspond,Town,49.07315,-53.5768027,Newfoundland and Labrador
Greenstone,Town,49.7608334,-87.2858333,Ontario
Grenfell,Town,50.4106694,-102.9322194,Saskatchewan
Gretna,Town,49.007778,-97.561667,Manitoba
Grimsby,Town,43.18584,-79.57266,Ontario
Grimshaw,Town,56.1886112,-117.6058333,Alberta
Gull Lake,Town,50.0969139,-108.4847525,Saskatchewan
Hafford,Town,52.7269889,-107.3533611,Saskatchewan
Hague,Town,52.5107139,-106.4173506,Saskatchewan
Haldimand County,Town,42.986111,-79.853333,Ontario
Halton Hills,Town,43.6269445,-79.9513889,Ontario
Hamiota,Town,50.180555,-100.596111,Manitoba
Hampden,Town,49.5396389,-56.8816277,Newfoundland and Labrador
Hampstead,Town,45.478671,-73.633935,Quebec
Hampton,Town,45.528611,-65.854722,New Brunswick
Hanley,Town,51.6270917,-106.4410056,Saskatchewan
Hanna,Town,51.6458334,-111.9252778,Alberta
Hanover,Town,44.1544445,-81.0233334,Ontario
Hant's Harbour,Town,47.990422,-53.276714,Newfoundland and Labrador
Happy Adventure,Town,48.6351722,-53.7818861,Newfoundland and Labrador
Happy Valley - Goose Bay,Town,53.341739,-60.448803,Newfoundland and Labrador
Harbour Breton,Town,47.477522,-55.824044,Newfoundland and Labrador
Harbour Grace,Town,47.6796861,-53.2535888,Newfoundland and Labrador
Harbour Main-Chapel's Cove-Lakeview,Town,47.4118667,-53.1740194,Newfoundland and Labrador
Hardisty,Town,52.675,-111.3044444,Alberta
Hare Bay,Town,48.8591528,-54.0318361,Newfoundland and Labrador
Hartland,Town,46.298611,-67.5,New Brunswick
Hartney,Town,49.480833,-100.5225,Manitoba
Hawke's Bay,Town,50.6168083,-57.1846972,Newfoundland and Labrador
Hawkesbury,Town,45.60826,-74.60179,Ontario
Hay River,Town,60.8097,-115.7898,Northwest Territories
Hearst,Town,49.6869445,-83.6544445,Ontario
Heart's Content,Town,47.8498556,-53.3549306,Newfoundland and Labrador
Heart's Delight-Islington,Town,47.7720722,-53.4437166,Newfoundland and Labrador
Heart's Desire,Town,47.8156361,-53.4267777,Newfoundland and Labrador
Hepburn,Town,52.5239388,-106.7313056,Saskatchewan
Herbert,Town,50.426475,-107.2249944,Saskatchewan
Hermitage-Sandyville,Town,47.546214,-55.924428,Newfoundland and Labrador
High Level,Town,58.5180555,-117.1288889,Alberta
High Prairie,Town,55.4322223,-116.4944444,Alberta
High River,Town,50.5797223,-113.8741667,Alberta
Hinton,Town,53.4111111,-117.5627778,Alberta
Holyrood,Town,47.3458861,-53.1520305,Newfoundland and Labrador
Howley,Town,49.1572028,-57.0995333,Newfoundland and Labrador
Hudson,Town,45.458708,-74.143105,Quebec
Hudson Bay,Town,52.8428167,-102.3756861,Saskatchewan
Hughes Brook,Town,48.9996805,-57.87935,Newfoundland and Labrador
Humber Arm South,Town,49.01565,-58.1677167,Newfoundland and Labrador
Huntingdon,Town,45.08738,-74.175302,Quebec
Huntsville,Town,45.31098,-79.27733,Ontario
Huron East,Town,43.62506,-81.28456,Ontario
Imperial,Town,51.3479056,-105.4408167,Saskatchewan
Indian Bay,Town,49.0641139,-53.96235,Newfoundland and Labrador
Indian Head,Town,50.5337447,-103.6675453,Saskatchewan
Ingersoll,Town,43.04062,-80.87399,Ontario
Innisfail,Town,52.028139,-113.950639,Alberta
Innisfil,Town,44.27462,-79.618,Ontario
Inuvik,Town,68.3609,-133.7297,Northwest Territories
Irishtown-Summerside,Town,48.987769,-57.954761,Newfoundland and Labrador
Iroquois Falls,Town,48.7663889,-80.6813889,Ontario
Irricana,Town,51.3236111,-113.6080556,Alberta
Isle aux Morts,Town,47.5974223,-58.965975,Newfoundland and Labrador
Ituna,Town,51.1681442,-103.4984639,Saskatchewan
Jackson's Arm,Town,49.8652223,-56.8048306,Newfoundland and Labrador
Joliette,Town,46.023541,-73.442666,Quebec
Kamsack,Town,51.5611889,-101.8964417,Saskatchewan
Kapuskasing,Town,49.4152778,-82.4169445,Ontario
Kearney,Town,45.62506,-79.11792,Ontario
Keels,Town,48.6019445,-53.4074445,Newfoundland and Labrador
Kelvington,Town,52.16295,-103.5257472,Saskatchewan
Kensington,Town,46.436664,-63.637353,Prince Edward Island
Kentville,Town,45.077707,-64.495306,Nova Scotia
Kerrobert,Town,51.9216639,-109.1406778,Saskatchewan
Killam,Town,52.7897223,-111.8552778,Alberta
Killarney,Town,49.183333,-99.662778,Manitoba
Killarney,Town,46.0608333,-80.9822222,Ontario
Kindersley,Town,51.4676781,-109.1566139,Saskatchewan
King's Cove,Town,48.5589834,-53.3732611,Newfoundland and Labrador
King's Point,Town,49.5807861,-56.208,Newfoundland and Labrador
Kingsey Falls,Town,45.858069,-72.072404,Quebec
Kingsville,Town,42.10368,-82.72962,Ontario
Kinistino,Town,52.9508056,-105.0299694,Saskatchewan
Kipling,Town,50.0980972,-102.6319944,Saskatchewan
Kippens,Town,48.5585444,-58.6339833,Newfoundland and Labrador
Kirkland,Town,45.448435,-73.858888,Quebec
Kirkland Lake,Town,48.15,-80.0330556,Ontario
Kyle,Town,50.8305889,-108.0388583,Saskatchewan
L'Ancienne-Lorette,Town,46.79873,-71.36255,Quebec
L'Anse au Loup,Town,51.525847,-56.8349304,Newfoundland and Labrador
L'Anse-au-Clair,Town,51.4637361,-57.0670944,Newfoundland and Labrador
L'Assomption,Town,45.811088,-73.43136,Quebec
L'Épiphanie,Town,45.850508,-73.482518,Quebec
L'Île-Cadieux,Town,45.429607,-74.026732,Quebec
L'Île-Dorval,Town,45.432921,-73.743544,Quebec
L'Île-Perrot,Town,45.393405,-73.955086,Quebec
La Malbaie,Town,47.652419,-70.14951,Quebec
La Pocatière,Town,47.369974,-70.032435,Quebec
La Prairie,Town,45.417635,-73.489196,Quebec
La Ronge,Town,55.1178856,-105.290525,Saskatchewan
La Sarre,Town,48.806816,-79.204761,Quebec
La Tuque,Town,47.44078,-72.781466,Quebec
LaSalle,Town,42.2252778,-83.0480556,Ontario
LaScie,Town,49.949236,-55.610031,Newfoundland and Labrador
Labrador City,Town,52.9605694,-66.9365973,Newfoundland and Labrador
Lac du Bonnet,Town,50.253611,-96.060556,Manitoba
Lac-Brome,Town,45.219054,-72.508794,Quebec
Lac-Delage,Town,46.970899,-71.403813,Quebec
Lac-Mégantic,Town,45.574216,-70.882371,Quebec
Lac-Saint-Joseph,Town,46.914172,-71.662702,Quebec
Lac-Sergent,Town,46.868313,-71.726066,Quebec
Lachute,Town,45.6558,-74.338846,Quebec
Ladysmith,Town,48.993333,-123.815556,British Columbia
Lafleche,Town,49.7053778,-106.5758361,Saskatchewan
Lake Cowichan,Town,48.825833,-124.056389,British Columbia
Lakeshore,Town,42.24812,-82.68766,Ontario
Lamaline,Town,46.906572,-55.768875,Newfoundland and Labrador
Lamont,Town,53.7591666,-112.7844444,Alberta
Lampman,Town,49.3827722,-102.7578306,Saskatchewan
Lamèque,Town,47.813056,-64.623611,New Brunswick
Langenburg,Town,50.8441,-101.7010725,Saskatchewan
Langham,Town,52.3584611,-106.9578389,Saskatchewan
Lanigan,Town,51.8490333,-105.0298972,Saskatchewan
Lark Harbour,Town,49.1055056,-58.3923611,Newfoundland and Labrador
Lashburn,Town,53.12515,-109.613275,Saskatchewan
Latchford,Town,47.32883,-79.8104,Ontario
Laurentian Hills,Town,45.9797222,-77.5122222,Ontario
Laval,Town,45.551538,-73.744616,Quebec
Lavaltrie,Town,45.884538,-73.276988,Quebec
Lawn,Town,46.93885,-55.539314,Newfoundland and Labrador
Leader,Town,50.8875722,-109.5466111,Saskatchewan
Leading Tickles,Town,49.481925,-55.4271583,Newfoundland and Labrador
Leaf Rapids,Town,56.4619444,-100.0105556,Manitoba
Leamington,Town,42.09535,-82.55906,Ontario
Lebel-sur-Quévillon,Town,49.052083,-76.976052,Quebec
Legal,Town,53.9495,-113.595111,Alberta
Lemberg,Town,50.7315694,-103.2033417,Saskatchewan
Leroy,Town,52.0029083,-104.7388222,Saskatchewan
Lewin's Cove,Town,47.0873,-55.2189528,Newfoundland and Labrador
Lewisporte,Town,49.2418083,-55.0460194,Newfoundland and Labrador
Lincoln,Town,43.1527778,-79.4183334,Ontario
Little Bay,Town,49.5992389,-55.9518361,Newfoundland and Labrador
Little Bay East,Town,47.555833,-54.863889,Newfoundland and Labrador
Little Bay Islands,Town,49.6443361,-55.7974221,Newfoundland and Labrador
Little Burnt Bay,Town,49.3397167,-55.0820056,Newfoundland and Labrador
Lockeport,Town,43.698733,-65.113322,Nova Scotia
Logy Bay-Middle Cove-Outer Cove,Town,47.6366889,-52.6870083,Newfoundland and Labrador
Long Harbour-Mount Arlington Heights,Town,47.4430945,-53.782475,Newfoundland and Labrador
Longueuil,Town,45.513947,-73.431493,Quebec
Lord's Cove,Town,46.8984417,-55.6587028,Newfoundland and Labrador
Lorraine,Town,45.659744,-73.776541,Quebec
Louiseville,Town,46.255777,-72.942402,Quebec
Lourdes,Town,48.647823,-59.001605,Newfoundland and Labrador
Lumsden,Town,50.6470833,-104.8703528,Saskatchewan
Lumsden,Town,49.2867583,-53.5925417,Newfoundland and Labrador
Lunenburg,Town,44.377896,-64.309529,Nova Scotia
Luseland,Town,52.0796306,-109.3898861,Saskatchewan
Lushes Bight - Beaumont - Beaumont North,Town,49.612445,-55.699182,Newfoundland and Labrador
Lynn Lake,Town,56.825,-101.075,Manitoba
Léry,Town,45.344824,-73.806222,Quebec
Lévis,Town,46.758172,-71.240366,Quebec
MacGregor,Town,49.966111,-98.778611,Manitoba
Macamic,Town,48.75495,-79.001213,Quebec
Macklin,Town,52.3362333,-109.9388806,Saskatchewan
Magog,Town,45.264991,-72.146858,Quebec
Magrath,Town,49.4077778,-112.8666667,Alberta
Mahone Bay,Town,44.446707,-64.377989,Nova Scotia
Maidstone,Town,53.086122,-109.296441,Saskatchewan
Main Brook,Town,51.1652528,-55.9875694,Newfoundland and Labrador
Malartic,Town,48.136333,-78.127413,Quebec
Manitou,Town,49.240555,-98.536667,Manitoba
Maniwaki,Town,46.374513,-75.981891,Quebec
Manning,Town,56.9222222,-117.6283333,Alberta
Maple Creek,Town,49.902116,-109.486129,Saskatchewan
Marathon,Town,48.71733,-86.38051,Ontario
Marieville,Town,45.431402,-73.163475,Quebec
Markham,Town,43.87653,-79.2634,Ontario
Markstay-Warren,Town,46.4955555,-80.4869445,Ontario
Mary's Harbour,Town,52.3152777,-55.8336001,Newfoundland and Labrador
Marystown,Town,47.154975,-55.1644334,Newfoundland and Labrador
Mascouche,Town,45.745591,-73.60178,Quebec
Massey Drive,Town,48.9363861,-57.8927417,Newfoundland and Labrador
Matagami,Town,49.758327,-77.62196,Quebec
Matane,Town,48.843238,-67.530435,Quebec
Mattawa,Town,46.31294,-78.70973,Ontario
Mayerthorpe,Town,53.9547222,-115.1380556,Alberta
McIver's,Town,49.0608417,-58.1094667,Newfoundland and Labrador
McLennan,Town,55.7086111,-116.9072222,Alberta
McMasterville,Town,45.55023,-73.229038,Quebec
Meadows,Town,48.996536,-58.045158,Newfoundland and Labrador
Meaford,Town,44.591111,-80.743333,Ontario
Melita,Town,49.268056,-100.99583,Manitoba
Mercier,Town,45.311863,-73.745219,Quebec
Midale,Town,49.3963806,-103.4107,Saskatchewan
Middle Arm,Town,49.7030277,-56.1148445,Newfoundland and Labrador
Middleton,Town,44.942577,-65.068193,Nova Scotia
Midland,Town,44.7502777,-79.8836111,Ontario
Miles Cove,Town,49.5401528,-55.7958777,Newfoundland and Labrador
Milestone,Town,49.9932583,-104.5177039,Saskatchewan
Milk River,Town,49.15,-112.0866667,Alberta
Millertown,Town,48.8119444,-56.5430555,Newfoundland and Labrador
Millet,Town,53.0961111,-113.4727778,Alberta
Milltown-Head of Bay d'Espoir,Town,47.925892,-55.744281,Newfoundland and Labrador
Milton,Town,43.5055556,-79.9177778,Ontario
Ming's Bight,Town,49.9747833,-56.0409167,Newfoundland and Labrador
Minitonas,Town,52.086111,-101.03917,Manitoba
Minnedosa,Town,50.245278,-99.842778,Manitoba
Minto,Town,43.91978,-80.88177,Ontario
Mirabel,Town,45.663608,-74.002069,Quebec
Mississippi Mills,Town,45.255,-76.2875,Ontario
Mono,Town,44.01739,-80.0581,Ontario
Mont-Joli,Town,48.585358,-68.189596,Quebec
Mont-Laurier,Town,46.548144,-75.503619,Quebec
Mont-Royal,Town,45.513222,-73.641721,Quebec
Mont-Saint-Hilaire,Town,45.5651,-73.190935,Quebec
Mont-Tremblant,Town,46.118146,-74.600227,Quebec
Montague,Town,46.169188,-62.650681,Prince Edward Island
Montmagny,Town,46.981118,-70.557452,Quebec
Montréal,Town,45.508822,-73.554077,Quebec
Montréal-Est,Town,45.631307,-73.49556,Quebec
Montréal-Ouest,Town,45.451336,-73.642144,Quebec
Moosomin,Town,50.1447583,-101.671,Saskatchewan
Moosonee,Town,51.334167,-80.721111,Ontario
Morden,Town,49.191944,-98.100556,Manitoba
Morinville,Town,53.8027778,-113.6438889,Alberta
Morris,Town,49.355,-97.365,Manitoba
Morrisville,Town,47.882844,-55.767158,Newfoundland and Labrador
Morse,Town,50.415044,-107.038739,Saskatchewan
Mossbank,Town,49.9396278,-105.9631667,Saskatchewan
Mount Carmel-Mitchells Brook-St. Catherine's,Town,47.186478,-53.422992,Newfoundland and Labrador
Mount Moriah,Town,48.9583917,-58.0708694,Newfoundland and Labrador
Mulgrave,Town,45.612156,-61.391725,Nova Scotia
Mundare,Town,53.5938889,-112.3416667,Alberta
Murdochville,Town,48.960411,-65.496233,Quebec
Musgrave Harbour,Town,49.4167028,-53.9644222,Newfoundland and Labrador
Musgravetown,Town,48.4140306,-53.8921305,Newfoundland and Labrador
Métabetchouan–Lac-à-la-Croix,Town,48.428018,-71.871824,Quebec
Métis-sur-Mer,Town,48.683596,-67.963483,Quebec
Nackawic,Town,45.9933,-67.22,New Brunswick
Naicam,Town,52.4194889,-104.4965889,Saskatchewan
Nanton,Town,50.35,-113.7666667,Alberta
Neebing,Town,48.1884,-89.4732,Ontario
Neepawa,Town,50.228889,-99.465556,Manitoba
Neuville,Town,46.69753,-71.589033,Quebec
New Glasgow,Town,45.589332,-62.64479,Nova Scotia
New Perlican,Town,47.9069389,-53.3271,Newfoundland and Labrador
New Richmond,Town,48.162216,-65.861627,Quebec
New Tecumseth,Town,44.0847222,-79.7655555,Ontario
New-Wes-Valley,Town,49.1531389,-53.6266722,Newfoundland and Labrador
Newmarket,Town,44.05794,-79.45835,Ontario
Niagara-on-the-Lake,Town,43.20457,-79.12806,Ontario
Nicolet,Town,46.226332,-72.616122,Quebec
Nipawin,Town,53.3571917,-104.0191231,Saskatchewan
Nipissing Ouest,Town,46.4471999,-80.0414,Ontario
Nippers Harbour,Town,49.7933334,-55.8702778,Newfoundland and Labrador
Niverville,Town,49.605556,-97.041667,Manitoba
Nobleford,Town,49.8813889,-113.0558333,Alberta
Nokomis,Town,51.5108167,-105.0068306,Saskatchewan
Norfolk County,Town,42.803333,-80.408611,Ontario
Norman Wells,Town,65.2811,-126.8316,Northwest Territories
Norman's Cove-Long Cove,Town,47.5459305,-53.6899055,Newfoundland and Labrador
Normandin,Town,48.836052,-72.528638,Quebec
Norquay,Town,51.8841475,-102.0894306,Saskatchewan
Norris Arm,Town,49.0773444,-55.2379028,Newfoundland and Labrador
Norris Point,Town,49.5194444,-57.8725,Newfoundland and Labrador
North Perth,Town,43.725,-80.9672222,Ontario
North River,Town,47.54345,-53.3130305,Newfoundland and Labrador
North Rustico,Town,46.458314,-63.312995,Prince Edward Island
North West River,Town,53.53545,-60.1440055,Newfoundland and Labrador
Northeastern Manitoulin and the Islands,Town,45.87145,-82.10125,Ontario
Northern Arm,Town,49.1861222,-55.3862583,Newfoundland and Labrador
Notre-Dame-de-l'Île-Perrot,Town,45.350022,-73.902633,Quebec
Notre-Dame-des-Prairies,Town,46.042971,-73.43381,Quebec
O'Leary,Town,46.707164,-64.226838,Prince Edward Island
Oak Lake,Town,49.766389,-100.62806,Manitoba
Oakville,Town,43.45649,-79.71378,Ontario
Ogema,Town,49.5736417,-104.9155639,Saskatchewan
Okotoks,Town,50.7261111,-113.9775,Alberta
Old Perlican,Town,48.0871306,-52.9944472,Newfoundland and Labrador
Olds,Town,51.7919444,-114.1075,Alberta
Oliver,Town,49.1825,-119.550833,British Columbia
Orangeville,Town,43.9152778,-80.1086111,Ontario
Oromocto,Town,45.847602,-66.470851,New Brunswick
Osler,Town,52.36683,-106.53221,Saskatchewan
Osoyoos,Town,49.0325,-119.468333,British Columbia
Otterburn Park,Town,45.541099,-73.188377,Quebec
Outlook,Town,51.4890194,-107.0526617,Saskatchewan
Oxbow,Town,49.2299167,-102.1692733,Saskatchewan
Oxford,Town,45.736322,-63.867292,Nova Scotia
Oyen,Town,51.3527778,-110.4833333,Alberta
Pacquet,Town,49.992475,-55.8973083,Newfoundland and Labrador
Paradise,Town,47.5346416,-52.8839778,Newfoundland and Labrador
Parkers Cove,Town,47.3984917,-54.8605778,Newfoundland and Labrador
Parry Sound,Town,45.3538889,-80.0361111,Ontario
Parson's Pond,Town,50.0369278,-57.6969917,Newfoundland and Labrador
Pasadena,Town,49.0119334,-57.5684833,Newfoundland and Labrador
Paspébiac,Town,48.029602,-65.248219,Quebec
Peace River,Town,56.2358334,-117.2986111,Alberta
Pelham,Town,43.04858,-79.33847,Ontario
Penetanguishene,Town,44.7838889,-79.9,Ontario
Penhold,Town,52.1369444,-113.8730556,Alberta
Percé,Town,48.523902,-64.210738,Quebec
Perth,Town,44.89943,-76.25039,Ontario
Petawawa,Town,45.8838889,-77.3177778,Ontario
Peterview,Town,49.1074583,-55.3388167,Newfoundland and Labrador
Petrolia,Town,42.8861111,-82.1441667,Ontario
Petty Harbour-Maddox Cove,Town,47.4731556,-52.7071833,Newfoundland and Labrador
Pickering,Town,43.90688,-79.13097,Ontario
Pictou,Town,45.676017,-62.708861,Nova Scotia
Picture Butte,Town,49.8769444,-112.7797222,Alberta
Pilley's Island,Town,49.5277056,-55.7158528,Newfoundland and Labrador
Pilot Butte,Town,50.4770417,-104.4173086,Saskatchewan
Pilot Mound,Town,49.201389,-98.893889,Manitoba
Pincher Creek,Town,49.4852778,-113.9475,Alberta
Pincourt,Town,45.357091,-73.982202,Quebec
Pinware,Town,51.6219444,-56.7138889,Newfoundland and Labrador
Placentia,Town,47.2705222,-53.9050916,Newfoundland and Labrador
Plessisville,Town,46.218729,-71.771721,Quebec
Plum Coulee,Town,49.191111,-97.760556,Manitoba
Plympton-Wyoming,Town,43.0198,-82.10598,Ontario
Pohénégamook,Town,47.457066,-69.240285,Quebec
Point Lance,Town,46.8261611,-54.085025,Newfoundland and Labrador
Point Leamington,Town,49.3198666,-55.4141,Newfoundland and Labrador
Point May,Town,46.9452555,-55.9358056,Newfoundland and Labrador
Point au Gaul,Town,46.8671222,-55.7472111,Newfoundland and Labrador
Point of Bay,Town,49.2770277,-55.2679083,Newfoundland and Labrador
Pointe-Claire,Town,45.44861,-73.817074,Quebec
Ponoka,Town,52.675,-113.58,Alberta
Pont-Rouge,Town,46.756838,-71.694919,Quebec
Ponteix,Town,49.7447333,-107.4872389,Saskatchewan
Pool's Cove,Town,47.68255,-55.4343944,Newfoundland and Labrador
Porcupine Plain,Town,52.5957889,-103.2542528,Saskatchewan
Port Anson,Town,49.5366639,-55.8520028,Newfoundland and Labrador
Port Blandford,Town,48.3414861,-54.1775472,Newfoundland and Labrador
Port Hawkesbury,Town,45.616462,-61.356262,Nova Scotia
Port Hope,Town,44.0283334,-78.3875,Ontario
Port Hope Simpson,Town,52.5433334,-56.2977778,Newfoundland and Labrador
Port Kirwan,Town,46.9822056,-52.9176361,Newfoundland and Labrador
Port McNeill,Town,50.589444,-127.083611,British Columbia
Port Rexton,Town,48.3995278,-53.3245444,Newfoundland and Labrador
Port Saunders,Town,50.6620167,-57.2538723,Newfoundland and Labrador
Port au Choix,Town,50.7050139,-57.3270028,Newfoundland and Labrador
Port au Port East,Town,48.5804306,-58.6711361,Newfoundland and Labrador
Port au Port West-Aguathuna-Felix Cove,Town,48.54625,-58.7731222,Newfoundland and Labrador
Port-Cartier,Town,50.018785,-66.875382,Quebec
Portneuf,Town,46.690808,-71.888863,Quebec
Portugal Cove South,Town,46.7044445,-53.2561111,Newfoundland and Labrador
Portugal Cove-St. Philip's,Town,47.6254028,-52.8380222,Newfoundland and Labrador
Pouch Cove,Town,47.7464916,-52.7774333,Newfoundland and Labrador
Powassan,Town,46.054722,-79.345278,Ontario
Powerview-Pine Falls,Town,50.567222,-96.196944,Manitoba
Preeceville,Town,51.9580222,-102.6673164,Saskatchewan
Princeton,Town,49.460278,-120.507778,British Columbia
Princeville,Town,46.171593,-71.875707,Quebec
Provost,Town,52.3533333,-110.2647222,Alberta
Prévost,Town,45.858155,-74.069757,Quebec
Qu'Appelle,Town,50.5425111,-103.8735111,Saskatchewan
Qualicum Beach,Town,49.348056,-124.443889,British Columbia
Quispamsis,Town,45.445736,-65.928736,New Brunswick
Québec,Town,46.813819,-71.207997,Quebec
Radisson,Town,52.4629417,-107.3954639,Saskatchewan
Radville,Town,49.4609861,-104.2973611,Saskatchewan
Rainbow Lake,Town,58.5044444,-119.4002778,Alberta
Rainy River,Town,48.7219444,-94.5636111,Ontario
Raleigh,Town,51.5588889,-55.7286111,Newfoundland and Labrador
Ramea,Town,47.5206972,-57.3944695,Newfoundland and Labrador
Rapid City,Town,50.120833,-100.03583,Manitoba
Raymond,Town,49.465,-112.6611111,Alberta
Raymore,Town,51.4088111,-104.5265667,Saskatchewan
Red Bay,Town,51.7327778,-56.4277778,Newfoundland and Labrador
Red Harbour,Town,47.2927334,-55.002225,Newfoundland and Labrador
Red Lake,Town,51.099444,-93.7225,Ontario
Redcliff,Town,50.0775,-110.7855556,Alberta
Redvers,Town,49.5704222,-101.7023506,Saskatchewan
Redwater,Town,53.9508334,-113.1075,Alberta
Regina Beach,Town,50.7863861,-104.9744167,Saskatchewan
Reidville,Town,49.2595195,-57.3674916,Newfoundland and Labrador
Rencontre East,Town,47.6375,-55.215278,Newfoundland and Labrador
Renews-Cappahayden,Town,46.8980555,-52.9477778,Newfoundland and Labrador
Renfrew,Town,45.4732,-76.68282,Ontario
Repentigny,Town,45.741966,-73.451286,Quebec
Richelieu,Town,45.443291,-73.253369,Quebec
Richibucto,Town,46.681071,-64.868952,New Brunswick
Richmond,Town,45.665505,-72.147171,Quebec
Richmond Hill,Town,43.8747222,-79.4394444,Ontario
Rigaud,Town,45.479804,-74.300977,Quebec
Rimbey,Town,52.6391667,-114.2366667,Alberta
Rimouski,Town,48.449138,-68.525096,Quebec
River of Ponds,Town,50.5303944,-57.3829889,Newfoundland and Labrador
Riverhead,Town,46.9934694,-53.4833,Newfoundland and Labrador
Rivers,Town,50.030833,-100.23944,Manitoba
Riverview,Town,46.054444,-64.817222,New Brunswick
Rivière des Français,Town,46.1422221,-80.4813889,Ontario
Rivière-Rouge,Town,46.40923,-74.870304,Quebec
Rivière-du-Loup,Town,47.835752,-69.536608,Quebec
Robert's Arm,Town,49.4766556,-55.8347694,Newfoundland and Labrador
Roberval,Town,48.517771,-72.221996,Quebec
Roblin,Town,51.23,-101.35556,Manitoba
Rocanville,Town,50.381837,-101.700617,Saskatchewan
Rockglen,Town,49.181224,-105.951169,Saskatchewan
Rocky Harbour,Town,49.5944445,-57.9194445,Newfoundland and Labrador
Rocky Mountain House,Town,52.3747222,-114.9219444,Alberta
Roddickton-Bide Arm,Town,50.848557,-56.110637,Newfoundland and Labrador
Rose Blanche-Harbour Le Cou,Town,47.6210222,-58.6902471,Newfoundland and Labrador
Rose Valley,Town,52.2930167,-103.8095917,Saskatchewan
Rosemère,Town,45.639041,-73.78508,Quebec
Rosetown,Town,51.5548472,-107.9901833,Saskatchewan
Rossburn,Town,50.669167,-100.81111,Manitoba
Rosthern,Town,52.6626306,-106.3338164,Saskatchewan
Rothesay,Town,45.380278,-65.968611,New Brunswick
Rouleau,Town,50.1903444,-104.9074056,Saskatchewan
Rouyn-Noranda,Town,48.2372222,-79.0169444,Quebec
Rushoon,Town,47.3513028,-54.9201111,Newfoundland and Labrador
Russell,Town,50.780833,-101.28389,Manitoba
Sackville,Town,45.918611,-64.385833,New Brunswick
Saguenay,Town,48.428221,-71.062202,Quebec
Saint Andrews,Town,45.079907,-67.058373,New Brunswick
Saint-Amable,Town,45.65,-73.3,Quebec
Saint-Antonin,Town,47.7666667,-69.4833333,Quebec
Saint-Augustin-de-Desmaures,Town,46.746866,-71.459436,Quebec
Saint-Basile,Town,46.756522,-71.825746,Quebec
Saint-Basile-le-Grand,Town,45.526141,-73.287538,Quebec
Saint-Bruno-de-Montarville,Town,45.526007,-73.340591,Quebec
Saint-Charles-Borromée,Town,46.05,-73.4666667,Quebec
Saint-Colomban,Town,45.738902,-74.135735,Quebec
Saint-Constant,Town,45.371618,-73.570982,Quebec
Saint-Césaire,Town,45.410038,-73.004027,Quebec
Saint-Eustache,Town,45.557622,-73.888638,Quebec
Saint-Félicien,Town,48.652725,-72.446691,Quebec
Saint-Gabriel,Town,46.293677,-73.382866,Quebec
Saint-Georges,Town,46.122938,-70.671163,Quebec
Saint-Honoré,Town,48.534527,-71.086196,Quebec
Saint-Hyacinthe,Town,45.625902,-72.946463,Quebec
Saint-Jean-sur-Richelieu,Town,45.305672,-73.253813,Quebec
Saint-Joseph-de-Beauce,Town,46.307555,-70.879582,Quebec
Saint-Joseph-de-Sorel,Town,46.0422222,-73.1258333,Quebec
Saint-Jérôme,Town,45.775252,-74.003708,Quebec
Saint-Lambert,Town,45.501577,-73.513108,Quebec
Saint-Lazare,Town,45.399369,-74.141227,Quebec
Saint-Lin–Laurentides,Town,45.851691,-73.755663,Quebec
Saint-Léonard,Town,47.1625,-67.925,New Brunswick
Saint-Marc-des-Carrières,Town,46.68031,-72.048969,Quebec
Saint-Ours,Town,45.889413,-73.150161,Quebec
Saint-Pamphile,Town,46.960622,-69.777682,Quebec
Saint-Pascal,Town,47.528282,-69.8079,Quebec
Saint-Philippe,Town,45.372179,-73.490738,Quebec
Saint-Pie,Town,45.501463,-72.899841,Quebec
Saint-Quentin,Town,47.513548,-67.392285,New Brunswick
Saint-Raymond,Town,46.891435,-71.832549,Quebec
Saint-Rémi,Town,45.259166,-73.614286,Quebec
Saint-Sauveur,Town,45.895746,-74.153155,Quebec
Saint-Tite,Town,46.726952,-72.564455,Quebec
Saint-Zotique,Town,45.241683,-74.249105,Quebec
Sainte-Adèle,Town,45.955355,-74.139374,Quebec
Sainte-Agathe-des-Monts,Town,46.04763,-74.283649,Quebec
Sainte-Anne-de-Beaupré,Town,47.016019,-70.947888,Quebec
Sainte-Anne-de-Bellevue,Town,45.403855,-73.952397,Quebec
Sainte-Anne-des-Monts,Town,49.13001,-66.487669,Quebec
Sainte-Anne-des-Plaines,Town,45.760144,-73.8157,Quebec
Sainte-Brigitte-de-Laval,Town,47.002441,-71.193563,Quebec
Sainte-Catherine,Town,45.405472,-73.571541,Quebec
Sainte-Catherine-de-la-Jacques-Cartier,Town,46.844858,-71.617538,Quebec
Sainte-Julie,Town,45.587671,-73.326149,Quebec
Sainte-Marguerite-du-Lac-Masson,Town,46.031721,-74.057047,Quebec
Sainte-Marie,Town,46.43838,-71.02131,Quebec
Sainte-Marthe-sur-le-Lac,Town,45.528799,-73.932432,Quebec
Sainte-Thérèse,Town,45.640144,-73.843088,Quebec
Salaberry-de-Valleyfield,Town,45.255397,-74.131552,Quebec
Sally's Cove,Town,49.7238667,-57.9310944,Newfoundland and Labrador
Salmon Cove,Town,47.7800306,-53.1732472,Newfoundland and Labrador
Saltcoats,Town,51.0406472,-102.1669233,Saskatchewan
Salvage,Town,48.6732139,-53.6629333,Newfoundland and Labrador
Sandringham,Town,48.6589444,-53.8274778,Newfoundland and Labrador
Sandy Cove,Town,48.6475861,-53.7085834,Newfoundland and Labrador
Saugeen Shores,Town,44.40562,-81.37455,Ontario
Savage Cove - Sandy Cove,Town,51.330245,-56.684106,Newfoundland and Labrador
Schefferville,Town,54.800519,-66.821102,Quebec
Scotstown,Town,45.523621,-71.280902,Quebec
Scott,Town,52.3655833,-108.8278556,Saskatchewan
Seal Cove,Town,47.4847222,-56.0613889,Newfoundland and Labrador
Seal Cove,Town,49.93135,-56.373472,Newfoundland and Labrador
Sedgewick,Town,52.7747223,-111.6927778,Alberta
Senneterre,Town,48.390435,-77.240452,Quebec
Sept-Îles,Town,50.209655,-66.38518,Quebec
Sexsmith,Town,55.3502778,-118.7816667,Alberta
Shannon,Town,46.889296,-71.518502,Quebec
Shaunavon,Town,49.6503486,-108.4159917,Saskatchewan
Shawinigan,Town,46.541088,-72.74521,Quebec
Shediac,Town,46.221272,-64.539767,New Brunswick
Shelburne,Town,43.763215,-65.323507,Nova Scotia
Shelburne,Town,44.0763889,-80.2044445,Ontario
Shellbrook,Town,53.2203306,-106.3885444,Saskatchewan
Sherbrooke,Town,45.404047,-71.893171,Quebec
Shippagan,Town,47.735556,-64.723611,New Brunswick
Shoal Lake,Town,50.437778,-100.59111,Manitoba
Sidney,Town,48.650556,-123.398333,British Columbia
Sintaluta,Town,50.4769,-103.449675,Saskatchewan
Sioux Lookout,Town,50.0905556,-91.9988889,Ontario
Slave Lake,Town,55.2822222,-114.7702778,Alberta
Small Point-Adam's Cove-Blackhead-Broad Cove,Town,47.847008,-53.127678,Newfoundland and Labrador
Smithers,Town,54.779167,-127.176111,British Columbia
Smoky Lake,Town,54.1166666,-112.4666667,Alberta
Smooth Rock Falls,Town,49.27817,-81.62629,Ontario
Snow Lake,Town,54.878889,-100.03667,Manitoba
Sorel-Tracy,Town,46.0436111,-73.1130556,Quebec
Souris,Town,46.354462,-62.25164,Prince Edward Island
Souris,Town,49.617222,-100.26028,Manitoba
South Brook,Town,49.4029722,-56.089675,Newfoundland and Labrador
South Bruce Peninsula,Town,44.705278,-81.218611,Ontario
South Huron,Town,43.31646,-81.50485,Ontario
South River,Town,47.5320889,-53.2680833,Newfoundland and Labrador
Southern Harbour,Town,47.7223584,-53.9534666,Newfoundland and Labrador
Southey,Town,50.9428722,-104.4996056,Saskatchewan
Spaniard's Bay,Town,47.6180528,-53.3369778,Newfoundland and Labrador
Spirit River,Town,55.7786111,-118.8366667,Alberta
Spiritwood,Town,53.366497,-107.51731,Saskatchewan
Springdale,Town,49.5119027,-56.0642695,Newfoundland and Labrador
Springside,Town,51.3447722,-102.7423056,Saskatchewan
St. Alban's,Town,47.877222,-55.849336,Newfoundland and Labrador
St. Anthony,Town,51.374936,-55.616405,Newfoundland and Labrador
St. Bernard's-Jacques Fontaine,Town,47.5195028,-54.9091917,Newfoundland and Labrador
St. Brendan's,Town,48.85805,-53.6660305,Newfoundland and Labrador
St. Bride's,Town,46.9208334,-54.1711111,Newfoundland and Labrador
St. Brieux,Town,52.638424,-104.885081,Saskatchewan
St. George,Town,45.132014,-66.820232,New Brunswick
St. George's,Town,48.4152861,-58.4943917,Newfoundland and Labrador
St. Jacques-Coomb's Cove,Town,47.4708222,-55.5418222,Newfoundland and Labrador
St. Joseph's,Town,47.09215,-53.5157889,Newfoundland and Labrador
St. Lawrence,Town,46.907917,-55.404514,Newfoundland and Labrador
St. Lewis,Town,52.3724528,-55.7012583,Newfoundland and Labrador
St. Lunaire-Griquet,Town,51.5205361,-55.4808889,Newfoundland and Labrador
St. Mary's,Town,46.9135056,-53.5317416,Newfoundland and Labrador
St. Paul,Town,53.9927777,-111.2961111,Alberta
St. Pauls,Town,49.8636667,-57.8059806,Newfoundland and Labrador
St. Shott's,Town,46.632222,-53.586667,Newfoundland and Labrador
St. Stephen,Town,45.180278,-67.296389,New Brunswick
St. Vincent's-St. Stephen's-Peter's River,Town,46.7794278,-53.5835861,Newfoundland and Labrador
St. Walburg,Town,53.629564,-109.200031,Saskatchewan
St.-Charles,Town,46.3505556,-80.4736111,Ontario
Stanstead,Town,45.010663,-72.097502,Quebec
Star City,Town,52.8618111,-104.3317222,Saskatchewan
Stavely,Town,50.1611111,-113.6416667,Alberta
Ste. Anne,Town,49.6697219,-96.6494439,Manitoba
Ste. Rose du Lac,Town,51.059444,-99.523333,Manitoba
Steady Brook,Town,48.9583945,-57.8184528,Newfoundland and Labrador
Stellarton,Town,45.559373,-62.659856,Nova Scotia
Stephenville,Town,48.5476139,-58.5475556,Newfoundland and Labrador
Stephenville Crossing,Town,48.5288028,-58.4553583,Newfoundland and Labrador
Stettler,Town,52.3238889,-112.7044444,Alberta
Stewiacke,Town,45.138517,-63.346097,Nova Scotia
Stonewall,Town,50.134444,-97.326111,Manitoba
Stony Plain,Town,53.5263889,-114.0069444,Alberta
Stoughton,Town,49.6773083,-103.0281278,Saskatchewan
Strasbourg,Town,51.0702806,-104.9555028,Saskatchewan
Stratford,Town,46.217778,-63.080833,Prince Edward Island
Strathmore,Town,51.0455556,-113.3930556,Alberta
Sturgis,Town,51.9404778,-102.5441722,Saskatchewan
Summerford,Town,49.4971028,-54.78295,Newfoundland and Labrador
Sundre,Town,51.7955555,-114.6377778,Alberta
Sunnyside,Town,47.8710584,-53.9124861,Newfoundland and Labrador
Sussex,Town,45.723534,-65.510394,New Brunswick
Sutton,Town,45.105991,-72.615552,Quebec
Swan Hills,Town,54.7166666,-115.4016667,Alberta
Swan River,Town,52.105833,-101.26667,Manitoba
Sylvan Lake,Town,52.3088888,-114.0977778,Alberta
Taber,Town,49.78475,-112.150972,Alberta
Tecumseh,Town,42.2430555,-82.9255556,Ontario
Temagami,Town,47.0640291,-79.7917297,Ontario
Terra Nova,Town,48.5025,-54.2144445,Newfoundland and Labrador
Terrebonne,Town,45.691538,-73.634302,Quebec
Terrenceville,Town,47.659956,-54.70693,Newfoundland and Labrador
Teulon,Town,50.385833,-97.261111,Manitoba
The Pas,Town,53.825,-101.25333,Manitoba
Thessalon,Town,46.2608333,-83.5530555,Ontario
Thetford Mines,Town,46.088908,-71.301952,Quebec
Thorsby,Town,53.2269445,-114.0480556,Alberta
Three Hills,Town,51.7030555,-113.2686111,Alberta
Thurso,Town,45.599449,-75.243324,Quebec
Tignish,Town,46.950493,-64.033583,Prince Edward Island
Tillsonburg,Town,42.86794,-80.7307,Ontario
Tilt Cove,Town,49.8861111,-55.6269444,Newfoundland and Labrador
Tisdale,Town,52.84905,-104.0490972,Saskatchewan
Tofield,Town,53.3708333,-112.6658333,Alberta
Torbay,Town,47.6591278,-52.753175,Newfoundland and Labrador
Tracadie-Sheila,Town,47.514444,-64.918056,New Brunswick
Traytown,Town,48.6610639,-53.9783417,Newfoundland and Labrador
Treherne,Town,49.629444,-98.697778,Manitoba
Trenton,Town,45.61052,-62.639371,Nova Scotia
Trepassey,Town,46.746758,-53.363625,Newfoundland and Labrador
Trinity,Town,48.3754666,-53.3946583,Newfoundland and Labrador
Trinity Bay North,Town,48.501506,-53.081453,Newfoundland and Labrador
Triton,Town,49.518325,-55.619875,Newfoundland and Labrador
Trochu,Town,51.8286111,-113.2280556,Alberta
Trois-Pistoles,Town,48.125602,-69.175363,Quebec
Trois-Rivières,Town,46.343077,-72.543383,Quebec
Trout River,Town,49.4739333,-58.1252917,Newfoundland and Labrador
Truro,Town,45.364959,-63.279847,Nova Scotia
Turtleford,Town,53.3878806,-108.9593833,Saskatchewan
Twillingate,Town,49.6443111,-54.7436166,Newfoundland and Labrador
Two Hills,Town,53.7111111,-111.7447222,Alberta
Témiscaming,Town,46.722071,-79.093116,Quebec
Témiscouata-sur-le-Lac,Town,47.683333,-68.883333,Quebec
Unity,Town,52.442125,-109.1574917,Saskatchewan
Upper Island Cove,Town,47.6496972,-53.2235194,Newfoundland and Labrador
Val-d'Or,Town,48.102044,-77.789358,Quebec
Val-des-Sources,Town,45.7774,-71.9384,Quebec
Valcourt,Town,45.492255,-72.314491,Quebec
Valleyview,Town,55.065944,-117.281861,Alberta
Varennes,Town,45.6825,-73.4408333,Quebec
Vaudreuil-Dorion,Town,45.403577,-74.036469,Quebec
Vauxhall,Town,50.0683333,-112.1066667,Alberta
Vegreville,Town,53.4955555,-112.0516667,Alberta
Vermilion,Town,53.3547222,-110.8527778,Alberta
Victoria,Town,47.77125,-53.2380778,Newfoundland and Labrador
Victoriaville,Town,46.055183,-71.959997,Quebec
View Royal,Town,48.451944,-123.434167,British Columbia
Viking,Town,53.0947222,-111.7755556,Alberta
Ville-Marie,Town,47.329016,-79.437221,Quebec
Virden,Town,49.850833,-100.93167,Manitoba
Vonda,Town,52.3236444,-106.0943806,Saskatchewan
Vulcan,Town,50.4041666,-113.2605556,Alberta
Wabana,Town,47.6394722,-52.9476666,Newfoundland and Labrador
Wabush,Town,52.872,-66.8909194,Newfoundland and Labrador
Wadena,Town,51.9459278,-103.795675,Saskatchewan
Wainwright,Town,52.8341666,-110.8580556,Alberta
Wakaw,Town,52.6479,-105.741438,Saskatchewan
Waldheim,Town,52.6225333,-106.6547917,Saskatchewan
Wapella,Town,50.2595806,-101.9729833,Saskatchewan
Warwick,Town,45.945791,-71.98918,Quebec
Wasaga Beach,Town,44.499167,-80.016944,Ontario
Waterloo,Town,45.344921,-72.515488,Quebec
Waterville,Town,45.278046,-71.890596,Quebec
Watrous,Town,51.6851614,-105.4634694,Saskatchewan
Watson,Town,52.1294167,-104.5188444,Saskatchewan
Watson Lake,Town,60.0624374,-128.7068575,Yukon
Wawota,Town,49.9065417,-102.0262222,Saskatchewan
Wembley,Town,55.1555556,-119.1458333,Alberta
West Nipissing,Town,46.4471999,-80.0414,Ontario
West St. Modeste,Town,51.5974333,-56.7218444,Newfoundland and Labrador
Westlock,Town,54.1552778,-113.8569444,Alberta
Westmount,Town,45.485499,-73.596749,Quebec
Westport,Town,49.7877889,-56.617525,Newfoundland and Labrador
Westville,Town,45.55632,-62.715396,Nova Scotia
Whitbourne,Town,47.4251083,-53.5417195,Newfoundland and Labrador
Whitby,Town,43.9325,-78.9544445,Ontario
Whitchurch-Stouffville,Town,44.0086111,-79.3175,Ontario
White City,Town,50.4353483,-104.3570861,Saskatchewan
Whitecourt,Town,54.1411111,-115.6841667,Alberta
Whiteway,Town,47.683011,-53.451008,Newfoundland and Labrador
Whitewood,Town,50.3311528,-102.2698528,Saskatchewan
Wilkie,Town,52.408649,-108.70367,Saskatchewan
Willow Bunch,Town,49.3910056,-105.6330528,Saskatchewan
Windsor,Town,45.569038,-72.005566,Quebec
Winnipeg Beach,Town,50.499722,-96.974722,Manitoba
Winterland,Town,47.1509833,-55.3142694,Newfoundland and Labrador
Winterton,Town,47.9528333,-53.3144861,Newfoundland and Labrador
Witless Bay,Town,47.2827139,-52.8220834,Newfoundland and Labrador
Wolfville,Town,45.091713,-64.359242,Nova Scotia
Wolseley,Town,50.422175,-103.2721167,Saskatchewan
Woodstock,Town,46.152222,-67.598333,New Brunswick
Woodstock,Town,49.9659111,-55.8915806,Newfoundland and Labrador
Woody Point,Town,49.49675,-57.9260389,Newfoundland and Labrador
Wynyard,Town,51.7688292,-104.179325,Saskatchewan
Yarmouth,Town,43.838654,-66.115223,Nova Scotia
Yellow Grass,Town,49.8065472,-104.1634583,Saskatchewan
York Harbour,Town,49.0609222,-58.3295722,Newfoundland and Labrador
Zealandia,Town,51.6164194,-107.7440278,Saskatchewan
